snodb_id	length	box_type	kturn_score	stemLen	5pDist	3pDist	FBL_interaction	NOP56_interaction	SNU13_interaction	NOP58_interaction	kturn_presence	c_seq	d_seq	c_prime_seq	d_prime_seq	c_hamming	d_hamming	c_prime_hamming	d_prime_hamming
snoDB0011	215	C/D	7.0	4.0	47.0	18.0	1	0	0	0	1	GGGATCA	CTGA	TTGATGA	CTGA	2.0	0	1.0	0
snoDB0022	204	C/D	19.0	9.0	81.0	12.0	0	0	0	0	1	GGGATCA	CTGA	ATGAGGA	CTGA	2.0	0	1.0	0
snoDB0028	92	C/D	-1.0	-1.0	-1.0	-1.0	1	0	0	0	0	TTGATGA	GGGA	GTGAAAA	CTGA	1.0	2	2.0	0
snoDB0030	128	C/D	-1.0	-1.0	-1.0	-1.0	1	0	0	0	0	GGGATAA	CTGA	ATGATTA	ATGA	2.0	0	1.0	1
snoDB0044	216	C/D	7.0	4.0	10.0	18.0	0	0	0	0	1	GGGATCA	CTGA	ATGAGGA	CAGA	2.0	0	1.0	1
snoDB0049	80	C/D	-1.0	-1.0	-1.0	-1.0	1	1	1	1	0	ATGATGA	CTGA	GTGGGGA	CTGC	0.0	0	2.0	1
snoDB0050	104	C/D	7.0	5.0	1.0	1.0	1	1	1	1	1	GTGATGA	CTGA	GCAAGGA	CTTA	0.0	0	3.0	1
snoDB0051	70	C/D	-1.0	-1.0	-1.0	-1.0	1	1	1	1	0	GTGATGA	CTGA	GAGATGA	CTGA	0.0	0	1.0	0
snoDB0059	79	C/D	11.0	4.0	0.0	2.0	1	1	1	1	1	ATGATGA	CTGA	TTGATTA	CTGA	0.0	0	2.0	0
snoDB0060	84	C/D	11.0	4.0	0.0	2.0	1	1	1	1	1	ATGATGT	CTGA	CTGATGT	CTGA	1.0	0	2.0	0
snoDB0061	72	C/D	11.0	4.0	0.0	2.0	1	1	1	1	1	ATGATGT	CTGA	TTGATGT	CTGA	1.0	0	2.0	0
snoDB0062	95	C/D	-1.0	-1.0	-1.0	-1.0	1	1	1	1	0	ATGATGA	CTGA	ATGATGC	CTGA	0.0	0	1.0	0
snoDB0071	74	C/D	16.0	6.0	1.0	2.0	1	1	1	1	1	AGGATGA	CTGA	ATGAGAA	GTGG	1.0	0	2.0	2
snoDB0089	85	C/D	11.0	4.0	0.0	0.0	1	1	1	1	1	GTGATGA	CTGA	ATGAGGA	CTGA	0.0	0	1.0	0
snoDB0090	78	C/D	10.0	4.0	0.0	0.0	1	1	1	1	1	ATGATGA	CTGA	GAGATGA	CTGA	0.0	0	1.0	0
snoDB0091	78	C/D	10.0	4.0	0.0	0.0	1	1	1	1	1	GTGATGA	CTGA	GTGATGC	CTGA	0.0	0	1.0	0
snoDB0098	114	C/D	18.0	7.0	0.0	0.0	1	1	1	1	1	ATGATGA	CTGA	ACGATGA	TTGC	0.0	0	1.0	2
snoDB0107	88	C/D	24.0	12.0	0.0	0.0	1	1	1	1	1	ATGATGT	CTGA	GTGATCT	CTGA	1.0	0	2.0	0
snoDB0108	90	C/D	-1.0	-1.0	-1.0	-1.0	1	1	1	1	0	ATGATGA	CTGA	GTGTTCA	CTGA	0.0	0	2.0	0
snoDB0109	84	C/D	-1.0	-1.0	-1.0	-1.0	1	1	1	1	0	ATGATGA	CTGA	ATAATGA	CTGA	0.0	0	1.0	0
snoDB0111	85	C/D	26.0	12.0	0.0	0.0	1	1	1	1	1	ATGATGC	CTGA	GTGATCT	CTGA	1.0	0	2.0	0
snoDB0116	137	C/D	14.0	5.0	0.0	0.0	1	1	1	1	1	GTGATGA	CTGA	ATGAGAC	CGGA	0.0	0	3.0	1
snoDB0117	134	C/D	-1.0	-1.0	-1.0	-1.0	0	0	0	0	0	GGGATAA	CTGA	ATCAGGA	CTGA	2.0	0	2.0	0
snoDB0120	80	C/D	10.0	4.0	0.0	1.0	1	1	1	1	1	ATGATGA	CTGA	TTGATGA	CTGA	0.0	0	1.0	0
snoDB0121	70	C/D	13.0	5.0	1.0	0.0	1	1	1	1	1	ATGATGA	CTGA	CTGATGT	CTGA	0.0	0	2.0	0
snoDB0139	90	C/D	-1.0	-1.0	-1.0	-1.0	1	0	0	0	0	GTGATGA	ATGA	GTGTTCG	CAGA	0.0	1	3.0	1
snoDB0149	68	C/D	-1.0	-1.0	-1.0	-1.0	0	0	0	0	0	ACGAGGA	CTGA	CTGAAGA	CTGA	2.0	0	2.0	0
snoDB0150	76	C/D	-1.0	-1.0	-1.0	-1.0	1	1	1	1	0	ATGAAGA	CTGA	GTGAAGA	GTAT	1.0	0	1.0	3
snoDB0151	77	C/D	-1.0	-1.0	-1.0	-1.0	1	1	1	1	0	ATGATGA	CTGA	GTGCTGA	CTGA	0.0	0	1.0	0
snoDB0155	212	C/D	-1.0	-1.0	-1.0	-1.0	0	0	0	0	0	GGGATCA	CTGA	ATGATCA	CTGA	2.0	0	1.0	0
snoDB0160	84	C/D	21.0	12.0	0.0	0.0	1	1	1	1	1	ATGATGA	CTGA	ATGAAAA	TTGA	0.0	0	2.0	1
snoDB0175	76	C/D	10.0	4.0	0.0	0.0	1	1	1	1	1	CTGATGA	CTGA	ATGATGG	CTGA	1.0	0	1.0	0
snoDB0179	104	C/D	-1.0	-1.0	-1.0	-1.0	1	1	0	1	0	GTGATGA	CTGA	CTTGTTA	GTGA	0.0	0	4.0	1
snoDB0180	69	C/D	14.0	6.0	0.0	0.0	1	1	1	1	1	ATGATGG	CTGA	ATGAAGA	CTGA	1.0	0	1.0	0
snoDB0209	72	C/D	9.0	4.0	0.0	0.0	1	0	0	0	1	ATGATGA	CTGA	CTGATTA	ATGA	0.0	0	2.0	1
snoDB0210	65	C/D	-1.0	-1.0	-1.0	-1.0	1	1	1	1	0	GTGATGA	CTGA	GTGATAA	ATGA	0.0	0	1.0	1
snoDB0226	70	C/D	15.0	6.0	0.0	0.0	0	0	0	0	1	ATGATGA	CTGA	TTGAAAA	CTGA	0.0	0	3.0	0
snoDB0227	135	C/D	-1.0	-1.0	-1.0	-1.0	0	0	0	0	0	GGGATCA	CTGA	ATGATGA	CAGA	2.0	0	0.0	1
snoDB0232	214	C/D	7.0	3.0	30.0	162.0	0	0	0	0	1	GGGATCA	CTGA	CTGATGA	CTGA	2.0	0	1.0	0
snoDB0235	80	C/D	17.0	7.0	1.0	1.0	1	1	1	1	1	GTGATGT	CTGA	TTGATTT	ATGA	1.0	0	3.0	1
snoDB0243	79	C/D	10.0	6.0	8.0	5.0	1	1	1	1	1	GTGATGA	CTGA	ATGATAC	ATGA	0.0	0	2.0	1
snoDB0254	79	C/D	8.0	4.0	2.0	3.0	1	1	1	1	1	GTGATGA	CTGA	GTGAGGA	TTGT	0.0	0	1.0	2
snoDB0255	68	C/D	6.0	3.0	2.0	1.0	1	1	1	1	1	GTGATGA	CTGA	GTGCTGA	CTGA	0.0	0	1.0	0
snoDB0261	70	C/D	8.0	4.0	0.0	1.0	1	1	1	1	1	GTGATGT	CTGA	GTGGTGA	CTGA	1.0	0	1.0	0
snoDB0262	68	C/D	11.0	4.0	0.0	1.0	1	1	1	1	1	ATGATGT	CTGA	GTGTGGA	CTGA	1.0	0	2.0	0
snoDB0268	72	C/D	-1.0	-1.0	-1.0	-1.0	0	0	0	0	0	ATGATGT	CTGA	GATATGA	CTGA	1.0	0	2.0	0
snoDB0271	213	C/D	7.0	3.0	9.0	31.0	0	0	0	0	1	AAGACTA	GTGA	AGAATGA	CTGA	3.0	1	2.0	0
snoDB0278	73	C/D	12.0	5.0	0.0	0.0	1	1	1	1	1	ATGATGA	CTGA	ATGAGTG	CTTC	0.0	0	3.0	2
snoDB0279	76	C/D	-1.0	-1.0	-1.0	-1.0	1	1	1	1	0	ATGATGA	CTGA	ATGAGGA	CTGA	0.0	0	1.0	0
snoDB0281	103	C/D	-1.0	-1.0	-1.0	-1.0	0	0	0	0	0	ATGATGA	CTGA	GTTACAA	GTGA	0.0	0	3.0	1
snoDB0282	75	C/D	-1.0	-1.0	-1.0	-1.0	0	0	0	0	0	CAGATGA	GTTA	GTGAGGA	CTGA	2.0	2	1.0	0
snoDB0284	210	C/D	7.0	3.0	42.0	15.0	0	0	0	0	1	GGGATCA	CTGA	ATGATCA	TTGA	2.0	0	1.0	1
snoDB0291	76	C/D	11.0	4.0	0.0	1.0	1	1	1	1	1	ATGATGT	CTGA	AGGACGA	CTCA	1.0	0	2.0	1
snoDB0292	78	C/D	11.0	4.0	0.0	1.0	1	1	1	1	1	ATGATGT	CTGA	GTGATGA	GTGA	1.0	0	0.0	1
snoDB0297	64	C/D	-1.0	-1.0	-1.0	-1.0	1	1	1	1	0	GTGATGA	CTGA	CTGATGC	CTTG	0.0	0	2.0	2
snoDB0298	67	C/D	-1.0	-1.0	-1.0	-1.0	1	1	1	1	0	ATGATGA	CTGA	ATGATGT	CCGA	0.0	0	1.0	1
snoDB0304	70	C/D	7.0	3.0	1.0	0.0	1	1	1	1	1	ATGATGA	CTGA	CTGAAGA	CTGA	0.0	0	2.0	0
snoDB0311	227	C/D	12.0	5.0	9.0	13.0	0	0	0	0	1	GAGATTA	GTGG	TTGATGA	CTGA	2.0	2	1.0	0
snoDB0340	105	C/D	-1.0	-1.0	-1.0	-1.0	0	0	0	0	0	GTGATGA	CTGA	GTTACAA	CTGA	0.0	0	3.0	0
snoDB0341	104	C/D	-1.0	-1.0	-1.0	-1.0	0	0	0	0	0	GTGATGA	CTGA	GCAAGGA	CTGT	0.0	0	3.0	1
snoDB0342	74	C/D	14.0	5.0	0.0	0.0	1	1	1	1	1	AGGATGA	CTGA	GTGATGG	CTGA	1.0	0	1.0	0
snoDB0343	76	C/D	8.0	4.0	2.0	3.0	0	0	0	0	1	ATGATGA	CTGA	TTGATGA	CTGA	0.0	0	1.0	0
snoDB0350	70	C/D	-1.0	-1.0	-1.0	-1.0	0	0	0	0	0	CTGATGA	CTAA	TTGATGA	CTGA	1.0	1	1.0	0
snoDB0357	216	C/D	14.0	6.0	45.0	72.0	0	0	0	0	1	GGGGTAA	CTGA	ATCAGGA	CTGA	3.0	0	2.0	0
snoDB0359	72	C/D	-1.0	-1.0	-1.0	-1.0	0	0	0	0	0	ATGATGT	AAGA	AAGTTGA	CTGA	1.0	2	2.0	0
snoDB0377	73	C/D	-1.0	-1.0	-1.0	-1.0	1	1	1	1	0	ATGATGA	CTGA	ATGATAA	TTGA	0.0	0	1.0	1
snoDB0381	79	C/D	8.0	4.0	2.0	3.0	1	1	0	1	1	GTGATGA	CTGA	GTGAGGA	TTGT	0.0	0	1.0	2
snoDB0394	73	C/D	-1.0	-1.0	-1.0	-1.0	1	1	1	1	0	GTGATGA	CTGA	GTGGTGA	CAGA	0.0	0	1.0	1
snoDB0395	104	C/D	-1.0	-1.0	-1.0	-1.0	1	1	1	1	0	GTGATGA	CTGA	CTTGTTA	GTGA	0.0	0	4.0	1
snoDB0402	214	C/D	8.0	3.0	9.0	32.0	0	0	0	0	1	AAGACTA	CTGA	TTGATGA	CTGA	3.0	0	1.0	0
snoDB0406	216	C/D	5.0	3.0	82.0	108.0	1	1	0	0	1	GTGACCA	CTGA	AGGAAGA	CTGA	2.0	0	2.0	0
snoDB0416	67	C/D	11.0	4.0	0.0	3.0	1	1	1	1	1	ATGAGGA	CTGA	GTGATAA	TTGA	1.0	0	1.0	1
snoDB0418	214	C/D	-1.0	-1.0	-1.0	-1.0	0	0	0	0	0	ATGCTAT	CAGA	GTGTTGA	CTGA	3.0	1	1.0	0
snoDB0419	89	C/D	-1.0	-1.0	-1.0	-1.0	1	1	1	1	0	ATGATGA	CTGA	TTGAAGA	CTGA	0.0	0	2.0	0
snoDB0420	69	C/D	-1.0	-1.0	-1.0	-1.0	0	0	0	0	0	GTGATGA	CTGA	GTGATGA	ATGA	0.0	0	0.0	1
snoDB0421	72	C/D	-1.0	-1.0	-1.0	-1.0	0	0	0	0	0	GTGATAA	CTGA	ATTAGGA	AGGA	1.0	0	2.0	2
snoDB0423	76	C/D	-1.0	-1.0	-1.0	-1.0	0	0	0	0	0	AAGATGC	CTGA	GTGGGGA	CTCG	2.0	0	2.0	2
snoDB0427	68	C/D	8.0	3.0	2.0	1.0	0	0	0	0	1	GTGATGA	CTGA	GTGCTGA	CTGA	0.0	0	1.0	0
snoDB0429	78	C/D	-1.0	-1.0	-1.0	-1.0	0	0	0	0	0	GCGCTGA	ATGA	ATGAGCA	CTGA	2.0	1	2.0	0
snoDB0435	86	C/D	-1.0	-1.0	-1.0	-1.0	1	1	0	0	0	TTAGTGA	ATGA	ATGAAGA	CCGA	3.0	1	1.0	1
snoDB0437	111	C/D	20.0	13.0	8.0	3.0	1	1	1	1	1	ATGATGA	CTGA	CTGATAC	CTGA	0.0	0	3.0	0
snoDB0438	134	C/D	-1.0	-1.0	-1.0	-1.0	1	0	0	0	0	GGGATAA	CTGA	ATGATGA	CAGA	2.0	0	0.0	1
snoDB0440	86	C/D	10.0	4.0	0.0	0.0	1	1	1	1	1	GTGATGT	CTGA	CTGTGGA	CTGA	1.0	0	3.0	0
snoDB0441	86	C/D	10.0	4.0	0.0	0.0	1	1	1	1	1	GTGATGT	CTGA	CTGTGGA	CTGA	1.0	0	3.0	0
snoDB0443	81	C/D	14.0	6.0	5.0	4.0	1	1	1	1	1	ATGATGT	CTGA	GTGTGGA	CTGA	1.0	0	2.0	0
snoDB0444	82	C/D	20.0	11.0	0.0	0.0	1	1	1	1	1	ATGATGT	CTGA	ATGTGGA	CTGA	1.0	0	2.0	0
snoDB0445	75	C/D	10.0	4.0	0.0	0.0	1	1	1	1	1	ATGATGT	CTGA	GTGATGA	CTGA	1.0	0	0.0	0
snoDB0446	74	C/D	-1.0	-1.0	-1.0	-1.0	1	1	1	1	0	GTGATGT	CTGA	GTGAAGA	CTGA	1.0	0	1.0	0
snoDB0447	73	C/D	10.0	4.0	0.0	1.0	1	1	1	1	1	ATGATGT	CTGA	TTGAAGT	CTGA	1.0	0	3.0	0
snoDB0448	66	C/D	11.0	4.0	0.0	1.0	1	1	1	1	1	ATGATGG	CTGA	ATGTGGT	CTGA	1.0	0	3.0	0
snoDB0453	91	C/D	10.0	4.0	0.0	0.0	1	1	1	1	1	ATGATGA	CTGA	ATGTTGG	CAGA	0.0	0	2.0	1
snoDB0454	90	C/D	10.0	4.0	0.0	0.0	1	1	1	1	1	GTGATGA	CTGA	GTGTTGG	CAGA	0.0	0	2.0	1
snoDB0458	111	C/D	15.0	6.0	0.0	0.0	1	1	1	1	1	GTGATGA	CTGA	CTGGTGA	CTCA	0.0	0	2.0	1
snoDB0460	73	C/D	12.0	5.0	1.0	1.0	1	1	1	1	1	ATGATGA	CTGA	ATGAAAA	CTGA	0.0	0	2.0	0
snoDB0465	73	C/D	-1.0	-1.0	-1.0	-1.0	1	1	1	1	0	ATGATGA	CTGA	ATGAACT	ATGA	0.0	0	3.0	1
snoDB0471	134	C/D	-1.0	-1.0	-1.0	-1.0	0	1	0	0	0	GGGATAA	CTGA	ATGATGA	CAGA	2.0	0	0.0	1
snoDB0472	104	C/D	-1.0	-1.0	-1.0	-1.0	0	0	0	0	0	GTAATGA	CTGA	ACGATGT	TTGA	1.0	0	2.0	1
snoDB0474	85	C/D	10.0	4.0	0.0	0.0	1	1	1	1	1	ATGATGA	CTGA	GTGTTGG	CAGA	0.0	0	2.0	1
snoDB0475	87	C/D	-1.0	-1.0	-1.0	-1.0	1	1	1	1	0	ATGATGA	TTGA	CTTATGT	CGTA	0.0	1	3.0	2
snoDB0476	88	C/D	11.0	4.0	0.0	0.0	1	1	1	1	1	GTGATGA	CTGA	ATGATGG	CGTA	0.0	0	1.0	2
snoDB0477	148	C/D	-1.0	-1.0	-1.0	-1.0	1	1	1	1	0	ATGATGA	CTGA	AAGATGA	CTGT	0.0	0	1.0	1
snoDB0478	146	C/D	8.0	4.0	0.0	1.0	1	1	1	1	1	GTGATGA	CTGA	GTGCTGT	CAGA	0.0	0	2.0	1
snoDB0484	126	C/D	11.0	4.0	70.0	12.0	1	1	1	1	1	ATGAAGA	CTGA	AGGAAGA	CTTA	1.0	0	2.0	1
snoDB0485	70	C/D	-1.0	-1.0	-1.0	-1.0	1	1	1	1	0	GTGATGA	CTGA	CTGTTGA	CTGA	0.0	0	2.0	0
snoDB0486	125	C/D	-1.0	-1.0	-1.0	-1.0	0	0	1	0	0	ATGAGGA	CTGA	ATGAAGA	CTGC	1.0	0	1.0	1
snoDB0487	75	C/D	-1.0	-1.0	-1.0	-1.0	1	1	1	1	0	CAGATGA	CTGA	GTGAGGT	CTGA	2.0	0	2.0	0
snoDB0488	72	C/D	-1.0	-1.0	-1.0	-1.0	1	1	1	1	0	ATGATGA	CTGA	GTGATGT	CTGA	0.0	0	1.0	0
snoDB0489	75	C/D	10.0	4.0	0.0	1.0	1	1	1	1	1	GGGATGA	CTGA	GTGGAGA	CTGA	1.0	0	2.0	0
snoDB0490	69	C/D	8.0	4.0	1.0	2.0	1	1	1	1	1	ATGATGA	CTGA	GTGAGGA	CTGA	0.0	0	1.0	0
snoDB0492	142	C/D	-1.0	-1.0	-1.0	-1.0	1	1	1	1	0	ATGATTA	ATGA	GCGAAGA	CTGG	1.0	1	2.0	1
snoDB0494	104	C/D	-1.0	-1.0	-1.0	-1.0	0	0	0	0	0	GTGATGA	CTGA	GTTACGA	CTCA	0.0	0	2.0	1
snoDB0503	136	C/D	-1.0	-1.0	-1.0	-1.0	0	0	0	0	0	CTCATGT	CTGA	ATGATGA	CAGA	3.0	0	0.0	1
snoDB0509	73	C/D	-1.0	-1.0	-1.0	-1.0	0	0	0	0	0	GTTCTGA	CTGA		ATTA	2.0	0		2
snoDB0513	190	C/D	5.0	4.0	8.0	16.0	0	0	0	0	1	GGGATCA	CTGA	GGAATGA	CTGA	2.0	0	2.0	0
snoDB0515	67	C/D	10.0	4.0	0.0	0.0	1	1	1	1	1	ATGATGT	CTGA	GTGTGGA	CTGA	1.0	0	2.0	0
snoDB0523	73	C/D	-1.0	-1.0	-1.0	-1.0	0	0	0	0	0	GTGATGA	CAGG	AAGCTGC	CTGA	0.0	2	3.0	0
snoDB0545	135	C/D	-1.0	-1.0	-1.0	-1.0	0	0	0	0	0	GGGATAA	CTGA	ATGATCA	CAGA	2.0	0	1.0	1
snoDB0561	75	C/D	13.0	5.0	0.0	0.0	1	1	1	1	1	ATGATGA	CTGA	CTGAAGC	CTGA	0.0	0	3.0	0
snoDB0568	70	C/D	7.0	3.0	1.0	0.0	1	1	0	0	1	ATGATGA	CTGA	CTGAAGA	CTGA	0.0	0	2.0	0
snoDB0569	91	C/D	5.0	3.0	4.0	4.0	0	0	0	0	1	ATGATGT	CTGA	ATGGCTA	CTGA	1.0	0	3.0	0
snoDB0570	72	C/D	12.0	5.0	0.0	0.0	1	1	1	1	1	ATGATGA	CTGA	GTGAAAA	TTGA	0.0	0	2.0	1
snoDB0572	72	C/D	-1.0	-1.0	-1.0	-1.0	0	0	0	0	0	ATGATGA	CTGA	GTGATAC	CTGA	0.0	0	2.0	0
snoDB0591	66	C/D	-1.0	-1.0	-1.0	-1.0	0	0	0	0	0	GTGATGA	CTGA	ATTATGA	AGGA	0.0	0	1.0	2
snoDB0592	86	C/D	-1.0	-1.0	-1.0	-1.0	1	1	1	1	0	GTGATGA	CTGA	ATGAGGA	GTAA	0.0	0	1.0	2
snoDB0602	77	C/D	15.0	7.0	0.0	0.0	1	1	1	1	1	ATGATGA	CTGA	CTGATTA	CTGA	0.0	0	2.0	0
snoDB0603	104	C/D	12.0	4.0	0.0	1.0	1	1	1	1	1	GTGATGA	CTGA	TTGGGTG	CGGA	0.0	0	5.0	1
snoDB0607	77	C/D	16.0	6.0	0.0	2.0	1	1	0	0	1	ATGATGA	CTGA	ATGATTA	ATGA	0.0	0	1.0	1
snoDB0608	69	C/D	-1.0	-1.0	-1.0	-1.0	0	0	0	0	0	GTGATGA	CTGA	TTGATTA	ATGA	0.0	0	2.0	1
snoDB0609	72	C/D	-1.0	-1.0	-1.0	-1.0	0	0	0	0	0	ATCATTA	CAGA	TTGATTA	CTGT	2.0	1	2.0	1
snoDB0610	72	C/D	11.0	4.0	2.0	3.0	1	1	0	0	1	ATGATGA	CTGA	TTGATTA	CTGA	0.0	0	2.0	0
snoDB0611	75	C/D	16.0	6.0	0.0	1.0	1	0	0	0	1	ATGATGA	CTGA	TTGATTA	CTGA	0.0	0	2.0	0
snoDB0612	78	C/D	10.0	6.0	0.0	1.0	1	0	0	0	1	ATGATGA	CTGA	TTGATTA	CTGA	0.0	0	2.0	0
snoDB0613	75	C/D	16.0	6.0	0.0	1.0	0	1	0	0	1	GTGATGA	CTGA	TTGATTA	CTGA	0.0	0	2.0	0
snoDB0614	77	C/D	-1.0	-1.0	-1.0	-1.0	1	1	0	0	0	ATGATGA	CTGA	CTGATTA	CTGA	0.0	0	2.0	0
snoDB0615	74	C/D	16.0	6.0	0.0	1.0	1	0	0	0	1	ATGATGA	CTGA	TTGATTA	CTGA	0.0	0	2.0	0
snoDB0616	72	C/D	-1.0	-1.0	-1.0	-1.0	0	1	0	0	0	ATGATGA	CTGA	TTGATTA	CTGA	0.0	0	2.0	0
snoDB0617	72	C/D	16.0	6.0	0.0	1.0	0	0	0	0	1	ATGATGA	CTGA	ACGGTGA	ATGA	0.0	0	2.0	1
snoDB0618	78	C/D	-1.0	-1.0	-1.0	-1.0	0	0	0	0	0	ATGATAA	CTGA	AGGTTGA	ATGA	1.0	0	2.0	1
snoDB0619	75	C/D	16.0	6.0	0.0	1.0	1	1	0	0	1	ATGATGA	CTGA	ACGATGA	TTGA	0.0	0	1.0	1
snoDB0624	77	C/D	10.0	4.0	31.0	11.0	0	0	0	0	1	GTGATGG	CTGA	ATGATGA	TTTA	1.0	0	0.0	2
snoDB0625	72	C/D	-1.0	-1.0	-1.0	-1.0	1	1	0	0	0	ATGATGA	CTGA	ATGATGA	ATGA	0.0	0	0.0	1
snoDB0626	72	C/D	-1.0	-1.0	-1.0	-1.0	0	0	0	0	0	ATGATGA	CTGA	ATGATGA	ATGA	0.0	0	0.0	1
snoDB0627	75	C/D	16.0	6.0	0.0	1.0	0	0	0	0	1	GTGATGG	CTGA	ACAGTGA	GTGA	1.0	0	3.0	1
snoDB0628	75	C/D	16.0	6.0	0.0	1.0	1	1	0	0	1	ATGATGA	CTGA	ATGATGA	ATGA	0.0	0	0.0	1
snoDB0629	74	C/D	16.0	6.0	0.0	1.0	0	0	0	0	1	GTGATGA	CTGA	CACATGA	ATGA	0.0	0	3.0	1
snoDB0630	75	C/D	16.0	6.0	0.0	1.0	0	0	0	0	1	ATGATGA	CTGA	GTGATGA	ATGA	0.0	0	0.0	1
snoDB0631	72	C/D	-1.0	-1.0	-1.0	-1.0	0	0	0	0	0	ATGATGA	CTGA	ATGATGA	ATGA	0.0	0	0.0	1
snoDB0632	70	C/D	-1.0	-1.0	-1.0	-1.0	0	0	0	0	0	ATTATGA	CTGA	ATAATGA	GTGA	1.0	0	1.0	1
snoDB0633	75	C/D	15.0	12.0	22.0	3.0	0	0	0	0	1	ATGATGA	CTGA	ACGATGA	TGGA	0.0	0	1.0	2
snoDB0634	72	C/D	-1.0	-1.0	-1.0	-1.0	0	0	0	0	0	GTGATGA	CTGA	ACGATGA	ATGA	0.0	0	1.0	1
snoDB0635	75	C/D	-1.0	-1.0	-1.0	-1.0	0	0	0	0	0	ATGATAA	CTGA	ATAATGG	ATGA	1.0	0	2.0	1
snoDB0636	78	C/D	-1.0	-1.0	-1.0	-1.0	0	0	0	0	0	ATGATGA	CAGA	GTGATGA	ATGA	0.0	1	0.0	1
snoDB0637	89	C/D	-1.0	-1.0	-1.0	-1.0	0	0	0	0	0	TTGATGA	CTGA	ATGAAGA	CTTA	1.0	0	1.0	1
snoDB0638	75	C/D	-1.0	-1.0	-1.0	-1.0	0	0	0	0	0	ACGATAA	CTGA	ATGAGTA	GTGC	2.0	0	2.0	2
snoDB0639	72	C/D	-1.0	-1.0	-1.0	-1.0	0	0	0	0	0	ATGATGA	CTGA	ACAGTGA	ATGA	0.0	0	3.0	1
snoDB0640	72	C/D	-1.0	-1.0	-1.0	-1.0	1	1	0	0	0	ATGATGA	CTGA	GTGATGA	ATGA	0.0	0	0.0	1
snoDB0641	72	C/D	-1.0	-1.0	-1.0	-1.0	0	1	0	0	0	ATGATGA	CTGA	GTGATGA	ATGA	0.0	0	0.0	1
snoDB0642	72	C/D	-1.0	-1.0	-1.0	-1.0	1	0	0	0	0	ATGATGA	CTGA	ACAATGA	ATGA	0.0	0	2.0	1
snoDB0644	72	C/D	-1.0	-1.0	-1.0	-1.0	1	1	0	0	0	ATGATGA	CTGA	GCGATGA	ATGA	0.0	0	1.0	1
snoDB0645	72	C/D	-1.0	-1.0	-1.0	-1.0	0	0	0	0	0	ATGATGA	CTGA	ACGATGA	ATGA	0.0	0	1.0	1
snoDB0646	70	C/D	-1.0	-1.0	-1.0	-1.0	0	0	0	0	0	GTGTTGA	CTGA	ACAATGA	GTGA	1.0	0	2.0	1
snoDB0647	72	C/D	-1.0	-1.0	-1.0	-1.0	0	0	0	0	0	ATGATGA	CTGA	GCGATGA	ATGA	0.0	0	1.0	1
snoDB0650	75	C/D	-1.0	-1.0	-1.0	-1.0	0	0	0	0	0	GCGATGA	CTGA	AGGATGA	GTGA	1.0	0	1.0	1
snoDB0651	74	C/D	-1.0	-1.0	-1.0	-1.0	0	0	0	0	0	ATGATGA	CCGA	ATGATGA	ATGA	0.0	1	0.0	1
snoDB0652	75	C/D	16.0	6.0	0.0	1.0	0	0	0	0	1	ATGATGT	CTGA	ATGATCA	CTGA	1.0	0	1.0	0
snoDB0654	110	C/D	9.0	4.0	0.0	1.0	1	1	1	1	1	ATGATGA	CTGA	TTGGGTG	CTGA	0.0	0	5.0	0
snoDB0663	95	C/D	-1.0	-1.0	-1.0	-1.0	0	0	0	0	0	ATGATGA	CTGA	ATGAGTG	CTGA	0.0	0	3.0	0
snoDB0665	92	C/D	-1.0	-1.0	-1.0	-1.0	1	0	0	0	0	ATGATGA	CTGA	ATGAGTG	TTGA	0.0	0	3.0	1
snoDB0666	92	C/D	-1.0	-1.0	-1.0	-1.0	1	0	0	0	0	ATGATGA	CTGA	ATGAGTG	CTGA	0.0	0	3.0	0
snoDB0668	75	C/D	7.0	4.0	0.0	0.0	1	0	0	0	1	ATGATGA	CTGA	ATGATTT	CTGA	0.0	0	2.0	0
snoDB0669	67	C/D	-1.0	-1.0	-1.0	-1.0	1	1	0	0	0	GTGATGA	CTGA	ATGATGA	CTGA	0.0	0	0.0	0
snoDB0670	71	C/D	-1.0	-1.0	-1.0	-1.0	0	0	0	0	0	ATGATGA	GTGA	TGGATGA	TTGA	0.0	1	2.0	1
snoDB0671	67	C/D	-1.0	-1.0	-1.0	-1.0	1	0	0	0	0	ATGATGA	CTGA	CTCATTC	CTGA	0.0	0	4.0	0
snoDB0672	95	C/D	-1.0	-1.0	-1.0	-1.0	1	0	0	0	0	ATGATGA	CTGA	ATGAGTG	CTGA	0.0	0	3.0	0
snoDB0673	95	C/D	-1.0	-1.0	-1.0	-1.0	1	0	0	0	0	ATGATGA	CTGA	ATGAGTG	CTGA	0.0	0	3.0	0
snoDB0674	95	C/D	-1.0	-1.0	-1.0	-1.0	1	0	0	0	0	ATGATGA	CTGA	ATGAGTG	CTGA	0.0	0	3.0	0
snoDB0675	96	C/D	-1.0	-1.0	-1.0	-1.0	1	0	0	0	0	ATGATGA	CTGA	ATGAGTG	CTGA	0.0	0	3.0	0
snoDB0676	96	C/D	-1.0	-1.0	-1.0	-1.0	1	1	0	0	0	ATGATGA	CTGA	ATGAGTG	CTGA	0.0	0	3.0	0
snoDB0677	95	C/D	-1.0	-1.0	-1.0	-1.0	1	0	0	0	0	ATGATGA	CTGA	ATGAGTG	CTGA	0.0	0	3.0	0
snoDB0678	95	C/D	-1.0	-1.0	-1.0	-1.0	1	0	0	0	0	ATGATGA	CTGA	ATGAGTG	CTGA	0.0	0	3.0	0
snoDB0679	95	C/D	-1.0	-1.0	-1.0	-1.0	0	0	0	0	0	ATGATGA	CTGA	ATGAGTG	CTGA	0.0	0	3.0	0
snoDB0680	92	C/D	-1.0	-1.0	-1.0	-1.0	1	0	0	0	0	ATGATGA	CTGA	ATGAATG	CTGA	0.0	0	3.0	0
snoDB0681	92	C/D	14.0	5.0	0.0	0.0	1	0	0	0	1	ATGATGA	CTGA	ATGAGTG	CTGA	0.0	0	3.0	0
snoDB0682	92	C/D	-1.0	-1.0	-1.0	-1.0	1	0	0	0	0	ATGATGA	CTGA	ATGAGTG	CTGA	0.0	0	3.0	0
snoDB0683	92	C/D	-1.0	-1.0	-1.0	-1.0	1	0	0	0	0	ATGATGA	CTGA	ATGAGTG	CTGA	0.0	0	3.0	0
snoDB0684	92	C/D	-1.0	-1.0	-1.0	-1.0	1	0	0	0	0	ATGATGA	CTGA	ATGAGTG	CTGA	0.0	0	3.0	0
snoDB0685	92	C/D	-1.0	-1.0	-1.0	-1.0	1	0	0	0	0	ATGATGA	CTGA	ATGAGTG	CTGA	0.0	0	3.0	0
snoDB0686	92	C/D	-1.0	-1.0	-1.0	-1.0	1	0	0	0	0	ATGATGA	CTGA	ATGAGTG	CTGA	0.0	0	3.0	0
snoDB0687	92	C/D	-1.0	-1.0	-1.0	-1.0	1	0	0	0	0	ATGATGA	CTGA	ATGAGTG	CTGA	0.0	0	3.0	0
snoDB0688	92	C/D	-1.0	-1.0	-1.0	-1.0	1	0	0	0	0	ATGATGA	CTGA	ATGAGTG	CTGA	0.0	0	3.0	0
snoDB0689	92	C/D	-1.0	-1.0	-1.0	-1.0	1	0	0	0	0	ATGATGA	CTGA	ATGAGTG	CTGA	0.0	0	3.0	0
snoDB0690	92	C/D	-1.0	-1.0	-1.0	-1.0	1	1	0	0	0	ATGATGA	CTGA	ATGAGTG	CTGA	0.0	0	3.0	0
snoDB0691	92	C/D	-1.0	-1.0	-1.0	-1.0	1	0	0	0	0	ATGATGA	CTGA	ATGAGTG	CTGA	0.0	0	3.0	0
snoDB0692	92	C/D	-1.0	-1.0	-1.0	-1.0	1	1	0	0	0	ATGATGA	CTGA	ATGAGTG	CTGA	0.0	0	3.0	0
snoDB0693	96	C/D	-1.0	-1.0	-1.0	-1.0	1	0	0	0	0	ATGATGA	CTGA	ATGAGTG	CTGA	0.0	0	3.0	0
snoDB0694	92	C/D	-1.0	-1.0	-1.0	-1.0	1	0	0	0	0	ATGATGA	CTGA	ATGAGTG	CTGA	0.0	0	3.0	0
snoDB0695	91	C/D	-1.0	-1.0	-1.0	-1.0	0	0	0	0	0	ATGACGA	CTGA	ACGAGTG	CTGA	1.0	0	4.0	0
snoDB0698	216	C/D	5.0	3.0	11.0	29.0	1	0	0	0	1	GGGATCA	CTGA	TTGATGA	CTGA	2.0	0	1.0	0
snoDB0701	69	C/D	-1.0	-1.0	-1.0	-1.0	1	1	1	1	0	ATGATGA	CTGA	ATGATTT	CTGA	0.0	0	2.0	0
snoDB0702	99	C/D	-1.0	-1.0	-1.0	-1.0	1	1	1	1	0	ATGATGT	CTGA	CTGCTGT	CTTA	1.0	0	3.0	1
snoDB0703	72	C/D	-1.0	-1.0	-1.0	-1.0	1	1	1	1	0	GTGATGA	CTGA	ATGATTT	CTGA	0.0	0	2.0	0
snoDB0708	83	C/D	-1.0	-1.0	-1.0	-1.0	1	0	0	0	0	ATGATGA	CTGA	ATGAGTG	CTGA	0.0	0	3.0	0
snoDB0710	59	C/D	-1.0	-1.0	-1.0	-1.0	0	0	0	0	0	GTCATGA	CTGA	ATGCTCA	CATA	1.0	0	2.0	2
snoDB0711	82	C/D	-1.0	-1.0	-1.0	-1.0	0	0	0	0	0	TTGATGA	CTGA	GTGATGA	CTGA	1.0	0	0.0	0
snoDB0712	82	C/D	-1.0	-1.0	-1.0	-1.0	0	0	0	0	0	ATGATGA	CTGA	GTGATGA	TTGA	0.0	0	0.0	1
snoDB0713	82	C/D	-1.0	-1.0	-1.0	-1.0	0	0	0	0	0	ATGATGA	CTGA	GTGATGA	CTGA	0.0	0	0.0	0
snoDB0714	82	C/D	-1.0	-1.0	-1.0	-1.0	0	0	0	0	0	ATGATGA	CTGA	GTGATGA	CTGA	0.0	0	0.0	0
snoDB0715	82	C/D	-1.0	-1.0	-1.0	-1.0	1	0	0	0	0	ATGATGA	CTGA	GTGATGA	CTGA	0.0	0	0.0	0
snoDB0716	82	C/D	-1.0	-1.0	-1.0	-1.0	0	0	0	0	0	ATGATGA	CTGA	GTGATGA	CTGA	0.0	0	0.0	0
snoDB0718	82	C/D	-1.0	-1.0	-1.0	-1.0	1	0	0	0	0	ATGATGA	CTGA	ATGATGA	CTGA	0.0	0	0.0	0
snoDB0719	82	C/D	-1.0	-1.0	-1.0	-1.0	0	0	0	0	0	ATGATGA	CTGA	GTGATGA	CTGA	0.0	0	0.0	0
snoDB0720	81	C/D	-1.0	-1.0	-1.0	-1.0	1	0	0	0	0	ATGATGA	CTGA	GTGATGA	CTGA	0.0	0	0.0	0
snoDB0721	82	C/D	-1.0	-1.0	-1.0	-1.0	0	0	0	0	0	ATGATGA	CTGA	GTGATGA	CTGA	0.0	0	0.0	0
snoDB0722	82	C/D	-1.0	-1.0	-1.0	-1.0	0	0	0	0	0	ATGATGA	CTGA	GTGATGA	CTGA	0.0	0	0.0	0
snoDB0723	82	C/D	-1.0	-1.0	-1.0	-1.0	0	0	0	0	0	ATGATGA	CTGA	GTGATGA	CTGA	0.0	0	0.0	0
snoDB0724	81	C/D	-1.0	-1.0	-1.0	-1.0	1	0	0	0	0	ATGATGA	CTGA	GTGATGA	CTGA	0.0	0	0.0	0
snoDB0725	81	C/D	-1.0	-1.0	-1.0	-1.0	1	0	0	0	0	ATGATGA	CTGA	GTGATGA	CTGA	0.0	0	0.0	0
snoDB0726	82	C/D	-1.0	-1.0	-1.0	-1.0	1	0	0	0	0	ATGATGA	CTGA	GTGATGA	CTGA	0.0	0	0.0	0
snoDB0727	82	C/D	-1.0	-1.0	-1.0	-1.0	0	0	0	0	0	ATGATGA	CTGA	GTGATGA	CTGA	0.0	0	0.0	0
snoDB0728	82	C/D	-1.0	-1.0	-1.0	-1.0	0	0	0	0	0	ATGATGA	CTGA	GTGATGA	CTGA	0.0	0	0.0	0
snoDB0729	82	C/D	-1.0	-1.0	-1.0	-1.0	0	0	0	0	0	ATGATGA	CTGA	GTGATGA	CTGA	0.0	0	0.0	0
snoDB0730	82	C/D	-1.0	-1.0	-1.0	-1.0	0	0	0	0	0	ATGATGA	CTGA	GTGATGA	CTGA	0.0	0	0.0	0
snoDB0731	81	C/D	-1.0	-1.0	-1.0	-1.0	1	0	0	0	0	ATGATGA	CTGA	GTGATGA	CTGA	0.0	0	0.0	0
snoDB0732	82	C/D	-1.0	-1.0	-1.0	-1.0	0	0	0	0	0	ATGATGA	CTGA	GTGATGA	CTGA	0.0	0	0.0	0
snoDB0733	82	C/D	-1.0	-1.0	-1.0	-1.0	1	0	0	0	0	ATGATGA	CTGA	GTGATGA	TTGA	0.0	0	0.0	1
snoDB0734	82	C/D	-1.0	-1.0	-1.0	-1.0	0	0	0	0	0	GTGTCGA	CTGA	GTGGTGA	CTGA	2.0	0	1.0	0
snoDB0735	82	C/D	-1.0	-1.0	-1.0	-1.0	0	0	0	0	0	ATTATGA	CTGA	GTGATGA	CTGA	1.0	0	0.0	0
snoDB0736	82	C/D	-1.0	-1.0	-1.0	-1.0	0	0	0	0	0	GTGATGA	CTGA	GTGATGA	CTGA	0.0	0	0.0	0
snoDB0737	82	C/D	-1.0	-1.0	-1.0	-1.0	0	0	0	0	0	ATGATGA	TTGA	GTGATGA	CTGA	0.0	1	0.0	0
snoDB0739	82	C/D	-1.0	-1.0	-1.0	-1.0	0	0	0	0	0	ATGATGA	CTGA	GTGATGA	CTGA	0.0	0	0.0	0
snoDB0740	82	C/D	-1.0	-1.0	-1.0	-1.0	1	0	0	0	0	ATGATGA	CTGA	GTGATTA	CTGA	0.0	0	1.0	0
snoDB0741	82	C/D	-1.0	-1.0	-1.0	-1.0	0	0	0	0	0	GTGATGA	CTGA	GTGATGA	CTGA	0.0	0	0.0	0
snoDB0742	82	C/D	-1.0	-1.0	-1.0	-1.0	1	0	0	0	0	ATGATGA	CTGA	ATGATGA	CTGA	0.0	0	0.0	0
snoDB0743	82	C/D	-1.0	-1.0	-1.0	-1.0	1	0	0	0	0	ATGATGA	CTGA	GTGATGA	CTGA	0.0	0	0.0	0
snoDB0744	82	C/D	-1.0	-1.0	-1.0	-1.0	1	0	0	0	0	ATGATGA	CTGA	GTGATGA	CTGA	0.0	0	0.0	0
snoDB0745	82	C/D	-1.0	-1.0	-1.0	-1.0	0	0	0	0	0	ATGATGA	CTGA	GTGATGA	TTGA	0.0	0	0.0	1
snoDB0746	82	C/D	-1.0	-1.0	-1.0	-1.0	0	0	0	0	0	ATGATGA	CTGA	GTGATGA	CTGA	0.0	0	0.0	0
snoDB0747	82	C/D	14.0	5.0	0.0	0.0	0	0	0	0	1	CTGATGA	CTGA	GTGATGA	CTGA	1.0	0	0.0	0
snoDB0748	82	C/D	-1.0	-1.0	-1.0	-1.0	1	0	0	0	0	ATGATGA	CTGA	ATGATGA	CTGA	0.0	0	0.0	0
snoDB0749	82	C/D	-1.0	-1.0	-1.0	-1.0	1	0	0	0	0	ATGATGA	CTGA	GTGATGA	CTGA	0.0	0	0.0	0
snoDB0750	82	C/D	-1.0	-1.0	-1.0	-1.0	1	0	0	0	0	ATGATGA	CTGA	GTGATGA	CTGA	0.0	0	0.0	0
snoDB0751	82	C/D	-1.0	-1.0	-1.0	-1.0	1	0	0	0	0	GTGATGA	CTGA	GTGATGA	CTGA	0.0	0	0.0	0
snoDB0752	82	C/D	-1.0	-1.0	-1.0	-1.0	1	0	0	0	0	ATGATGA	CTGA	GTGATGA	CTGA	0.0	0	0.0	0
snoDB0753	82	C/D	-1.0	-1.0	-1.0	-1.0	0	0	0	0	0	ATGATGA	CTGA	GTGATGA	CTGA	0.0	0	0.0	0
snoDB0754	82	C/D	-1.0	-1.0	-1.0	-1.0	1	0	0	0	0	ATGATGA	CTGA	GTGATGA	CTGA	0.0	0	0.0	0
snoDB0755	81	C/D	-1.0	-1.0	-1.0	-1.0	0	0	0	0	0	ATGGAGA	GAGA	ATGTTCA	ATGA	2.0	2	2.0	1
snoDB0758	76	C/D	-1.0	-1.0	-1.0	-1.0	0	0	0	0	0	ATGATGA	CTGA	ATGATGA	TTGA	0.0	0	0.0	1
snoDB0759	67	C/D	-1.0	-1.0	-1.0	-1.0	0	0	0	0	0	ATGATGA	CTGA	CTCATTC	CTGA	0.0	0	4.0	0
snoDB0760	104	C/D	-1.0	-1.0	-1.0	-1.0	1	0	0	0	0	ATGATGA	CTGA	CTTGTTA	GTGA	0.0	0	4.0	1
snoDB0790	80	C/D	16.0	6.0	2.0	2.0	1	1	1	1	1	GTGATGA	CTGA	TTGAAGA	CTGA	0.0	0	2.0	0
snoDB0791	94	C/D	21.0	8.0	0.0	0.0	1	1	1	1	1	ATGATGA	CTGA	CTGGACA	CTGA	0.0	0	4.0	0
snoDB0795	84	C/D	-1.0	-1.0	-1.0	-1.0	1	1	1	1	0	TGATGA	CTGA	TTGATGA	CTGT		0	1.0	1
snoDB0803	86	C/D	18.0	9.0	0.0	0.0	1	1	1	1	1	AGGATGA	CTGA	ATGCTGA	CTAA	1.0	0	1.0	1
snoDB0804	103	C/D	-1.0	-1.0	-1.0	-1.0	0	1	0	0	0	GTGATGA	CTGA	GTGGGCA	GTGA	0.0	0	3.0	1
snoDB0809	72	C/D	-1.0	-1.0	-1.0	-1.0	1	1	1	1	0	CTGATGA	CTGA	CTGACGA	CAGA	1.0	0	2.0	1
snoDB0810	71	C/D	-1.0	-1.0	-1.0	-1.0	1	1	1	1	0	CTGATGA	CTGA	CTGACGA	CAGA	1.0	0	2.0	1
snoDB0811	73	C/D	-1.0	-1.0	-1.0	-1.0	1	1	1	1	0	ATGATGA	CTGA	GTGGTGA	CAGA	0.0	0	1.0	1
snoDB0816	104	C/D	-1.0	-1.0	-1.0	-1.0	0	0	0	0	0	ATGGTGA	CTGA	ATCAGCA	GTGA	1.0	0	3.0	1
snoDB0818	104	C/D	24.0	13.0	2.0	3.0	1	1	1	1	1	ATGATGT	CTGA	TTGAAGG	CTGA	1.0	0	3.0	0
snoDB0822	97	C/D	-1.0	-1.0	-1.0	-1.0	1	1	1	1	0	ATGATGA	CTGA	ATGATCT	CTGA	0.0	0	2.0	0
snoDB0823	216	C/D	10.0	4.0	97.0	30.0	1	0	0	0	1	GGGATCA	CTGA	AGGAGGA	CTGG	2.0	0	2.0	1
snoDB0824	104	C/D	-1.0	-1.0	-1.0	-1.0	0	0	0	0	0	GTGATGA	CTGA	ATGTTGG	GTGA	0.0	0	2.0	1
snoDB0827	196	C/D	6.0	3.0	48.0	104.0	1	0	1	1	1	ATTTTGA	CTGA	TTGGTGA	CTGA	2.0	0	2.0	0
snoDB0836	142	C/D	11.0	4.0	0.0	0.0	1	1	1	1	1	GTGATGG	CTGA	GTGTCCT	CTGA	1.0	0	4.0	0
snoDB0839	134	C/D	-1.0	-1.0	-1.0	-1.0	1	1	1	1	0	GGGATAA	CTGA	ATGATGA	CGGA	2.0	0	0.0	1
snoDB0842	78	C/D	-1.0	-1.0	-1.0	-1.0	1	1	1	1	0	AGGATGA	CTGA	GTGAGGA	CTGA	1.0	0	1.0	0
snoDB0843	84	C/D	-1.0	-1.0	-1.0	-1.0	1	1	1	1	0	ATGATGA	CTGA	GTGTGGA	CTGA	0.0	0	2.0	0
snoDB0844	72	C/D	13.0	5.0	2.0	2.0	1	1	1	1	1	ATGATGG	CTGA	CTGAGGG	CTGA	1.0	0	3.0	0
snoDB0849	67	C/D	13.0	5.0	0.0	0.0	1	1	1	1	1	ATGATGG	CTGA	GTGATGT	CTGA	1.0	0	1.0	0
snoDB0850	72	C/D	16.0	6.0	0.0	0.0	1	1	1	1	1	ATGATGA	CTGA	GTGATTG	CTGA	0.0	0	2.0	0
snoDB0851	64	C/D	5.0	3.0	2.0	2.0	1	1	1	1	1	ATGATGG	CTGA	ATGAACA	TGGA	1.0	0	2.0	2
snoDB0852	72	C/D	-1.0	-1.0	-1.0	-1.0	1	1	1	1	0	ATGATGC	CTGA	CTGATTA	CTGA	1.0	0	2.0	0
snoDB0853	222	C/D	16.0	13.0	21.0	103.0	1	1	1	1	1	ATGATGT	CTGA	GTGATGC	CTGA	1.0	0	1.0	0
snoDB0854	191	C/D	8.0	8.0	2.0	101.0	1	1	1	1	1	ATGATGG	CTGA	GTGATGC	CTGA	1.0	0	1.0	0
snoDB0855	70	C/D	-1.0	-1.0	-1.0	-1.0	1	1	1	1	0	GTGATGA	CTGA	GTGATGC	CTGA	0.0	0	1.0	0
snoDB0868	64	C/D	10.0	4.0	0.0	1.0	1	1	1	1	1	GTGATGA	CTGA	ATGAAAG	TTGG	0.0	0	3.0	2
snoDB0869	65	C/D	11.0	4.0	0.0	1.0	1	1	1	1	1	GTGATGA	CTGA	GTGAAAA	TTGG	0.0	0	2.0	2
snoDB0870	66	C/D	11.0	4.0	0.0	1.0	1	1	1	1	1	ATGATGG	CTGA	ATGAAAA	TTGG	1.0	0	2.0	2
snoDB0878	75	C/D	10.0	4.0	0.0	0.0	1	1	1	1	1	GTGATGA	CTGA	CTGATGT	CTGA	0.0	0	2.0	0
snoDB0880	86	C/D	-1.0	-1.0	-1.0	-1.0	1	1	1	1	0	GTGATGG	CTGA	GTGATGG	CTGA	1.0	0	1.0	0
snoDB0881	71	C/D	8.0	3.0	1.0	1.0	1	1	1	1	1	ATGATGG	CTGA	GTGTTGA	CAGC	1.0	0	1.0	2
snoDB0882	72	C/D	8.0	3.0	1.0	0.0	1	1	1	1	1	GTGATGA	CTGA	ATGGAGG	CTGA	0.0	0	3.0	0
snoDB0884	203	C/D	9.0	7.0	7.0	16.0	0	0	0	0	1	AAGATTA	CTGA	ATGAGGA	CTGA	2.0	0	1.0	0
snoDB0895	212	C/D	10.0	6.0	15.0	145.0	0	0	0	0	1	GGGATCA	CTGA	CTGATGA	CTGA	2.0	0	1.0	0
snoDB0896	237	C/D	10.0	4.0	0.0	0.0	1	1	1	1	1	ATGATGA	CTGA	TTGGTGT	CTGA	0.0	0	3.0	0
snoDB0900	89	C/D	18.0	9.0	0.0	0.0	1	1	1	1	1	ATGATGA	CTGA	ATGCTGA	CAGA	0.0	0	1.0	1
snoDB0901	91	C/D	23.0	9.0	0.0	0.0	1	1	1	1	1	ATGATGA	CTGA	ATGTTGA	CAGA	0.0	0	1.0	1
snoDB0902	90	C/D	10.0	4.0	5.0	5.0	1	1	1	1	1	CTGATGA	CTGA	CTGTTGA	CAGA	1.0	0	2.0	1
snoDB0903	66	C/D	7.0	3.0	11.0	27.0	1	1	1	1	1	GTGATGA	CTGA	CTGAAGA	CAGA	0.0	0	2.0	1
snoDB0906	86	C/D	-1.0	-1.0	-1.0	-1.0	0	0	0	0	0	AGAATTA	CTGA	ATTATTT	CAAA	3.0	0	3.0	2
snoDB0911	110	C/D	14.0	5.0	0.0	0.0	1	1	1	1	1	GTGATGA	CTGA	ATGGCTG	GTGC	0.0	0	4.0	2
snoDB0912	212	C/D	-1.0	-1.0	-1.0	-1.0	0	0	0	0	0	AAGATGA	GTGG	TTGATGA	CAGA	1.0	2	1.0	1
snoDB0913	91	C/D	13.0	7.0	0.0	0.0	1	1	1	1	1	GTGATGT	CTGA	CTGAGGA	CTGA	1.0	0	2.0	0
snoDB0914	91	C/D	-1.0	-1.0	-1.0	-1.0	1	1	1	1	0	ATGATGT	CTGA	CTGAGGA	CCGA	1.0	0	2.0	1
snoDB0915	91	C/D	18.0	7.0	0.0	0.0	1	1	1	1	1	ATGATGT	CTGA	CTGAGGA	CTGA	1.0	0	2.0	0
snoDB0916	85	C/D	7.0	3.0	8.0	10.0	1	1	1	1	1	ATGATGA	CTGA	GTGATTT	CTGA	0.0	0	2.0	0
snoDB0917	79	C/D	11.0	4.0	5.0	6.0	1	1	1	1	1	CTGATGA	CTGA	GTGATTG	CTGA	1.0	0	2.0	0
snoDB0918	84	C/D	8.0	5.0	1.0	1.0	1	1	1	1	1	GTGATGA	CTGA	ATGAGAT	TTGA	0.0	0	3.0	1
snoDB0919	85	C/D	12.0	4.0	2.0	2.0	1	1	1	1	1	GTGATGA	CTGA	GAGATGA	TCGA	0.0	0	1.0	2
snoDB0920	71	C/D	19.0	7.0	0.0	0.0	1	1	1	1	1	ATGATGT	CTGA	CTCATGA	TTGA	1.0	0	2.0	1
snoDB0921	86	C/D	11.0	4.0	0.0	5.0	1	1	1	1	1	ATGATGT	CTGA	ATGGCGA	CGGA	1.0	0	2.0	1
snoDB0922	87	C/D	11.0	4.0	0.0	5.0	1	1	1	1	1	ATGATGT	CTGA	CTGCTGA	CAGA	1.0	0	2.0	1
snoDB0923	70	C/D	8.0	5.0	0.0	0.0	1	1	1	1	1	GTGATGA	CTGA	CTGATTT	GTGA	0.0	0	3.0	1
snoDB0924	73	C/D	-1.0	-1.0	-1.0	-1.0	0	0	0	0	0	GTGATGA	GAGA	GTGATGA	CTGC	0.0	2	0.0	1
snoDB0931	68	C/D	-1.0	-1.0	-1.0	-1.0	0	0	0	0	0	AAAATGG	CTAA	GTGATGT	CTTA	3.0	1	1.0	1
snoDB0933	95	C/D	18.0	7.0	0.0	0.0	1	1	1	1	1	TTGATGA	CTGA	GTGTAGA	CCGA	1.0	0	2.0	1
snoDB0934	93	C/D	18.0	7.0	0.0	0.0	1	1	1	1	1	GTGATGA	CTGA	CTGCGGA	CCGA	0.0	0	3.0	1
snoDB0935	64	C/D	-1.0	-1.0	-1.0	-1.0	1	1	1	1	0	ATGATGA	CTGA	GTGCTGA	CAGA	0.0	0	1.0	1
snoDB0938	104	C/D	-1.0	-1.0	-1.0	-1.0	0	0	0	0	0	GTGATGA	CTGA	ATGTAGG	GTGA	0.0	0	3.0	1
snoDB0942	73	C/D	-1.0	-1.0	-1.0	-1.0	0	0	0	0	0	CTGATGA	CTAA	TTGATGA	CTAA	1.0	1	1.0	1
snoDB0955	80	C/D	-1.0	-1.0	-1.0	-1.0	1	1	1	1	0	ATGATGA	CTGA	GTGAAGA	CTTC	0.0	0	1.0	2
snoDB0957	80	C/D	-1.0	-1.0	-1.0	-1.0	1	1	1	1	0	ATGATGA	CTGA	GTGATGG	CTGA	0.0	0	1.0	0
snoDB0961	72	C/D	-1.0	-1.0	-1.0	-1.0	1	1	1	1	0	ATGATGA	CTGA	ATGATAT	CTGA	0.0	0	2.0	0
snoDB0962	83	C/D	-1.0	-1.0	-1.0	-1.0	1	1	1	1	0	GTGATGA	CTGA	CTGATTA	ATGA	0.0	0	2.0	1
snoDB0963	218	C/D	8.0	5.0	9.0	22.0	1	1	1	1	1	GGGATCA	CTGA	TTGATGA	CTGA	2.0	0	1.0	0
snoDB0965	216	C/D	-1.0	-1.0	-1.0	-1.0	1	1	1	1	0	GGGATCA	CTGA	TTGATGA	CTGA	2.0	0	1.0	0
snoDB0967	69	C/D	-1.0	-1.0	-1.0	-1.0	1	1	1	1	0	GTGATGA	CTGA	GTGAAGA	CTGA	0.0	0	1.0	0
snoDB0975	84	C/D	-1.0	-1.0	-1.0	-1.0	1	1	0	1	0	GTGATGT	CTGA	CTGGTGG	CTGT	1.0	0	3.0	1
snoDB0976	114	C/D	14.0	5.0	0.0	0.0	1	1	1	1	1	GTGATGT	CTGA	ATGAGAT	CTGT	1.0	0	3.0	1
snoDB0977	88	C/D	14.0	5.0	4.0	0.0	1	0	0	1	1	ATGATGA	CTGA	ATGAGAA	CTGA	0.0	0	2.0	0
snoDB0978	88	C/D	14.0	5.0	4.0	0.0	1	0	0	1	1	ATGATGA	CTGA	ATGAGAA	CTGA	0.0	0	2.0	0
snoDB0979	75	C/D	19.0	7.0	0.0	0.0	1	1	1	1	1	AGGATGA	CTGA	CTGATGA	CTTA	1.0	0	1.0	1
snoDB0981	100	C/D	-1.0	-1.0	-1.0	-1.0	1	0	0	0	0	GGGATGA	CTGA	GAGCTGC	CTGA	1.0	0	3.0	0
snoDB0982	73	C/D	-1.0	-1.0	-1.0	-1.0	1	1	0	1	0	GTGATGA	CTGA		CTGG	0.0	0		1
snoDB0986	77	C/D	16.0	7.0	0.0	0.0	1	1	1	1	1	ATGATGA	CTGA	TTGATGA	CTGA	0.0	0	1.0	0
snoDB0987	77	C/D	10.0	4.0	0.0	0.0	1	1	1	1	1	ATGATGT	CTGA	ATGATAT	ATGA	1.0	0	2.0	1
snoDB0988	71	C/D	-1.0	-1.0	-1.0	-1.0	1	1	1	1	0	ATGATGA	CTGA	CTGATGA	CAGA	0.0	0	1.0	1
snoDB0989	81	C/D	12.0	5.0	0.0	0.0	1	1	1	1	1	GTGATGA	CTGA	ATGGAGA	CTGA	0.0	0	2.0	0
snoDB0990	65	C/D	-1.0	-1.0	-1.0	-1.0	1	1	1	1	0	ATGATGT	CTGA	ATGTAGA	CTGA	1.0	0	2.0	0
snoDB0991	61	C/D	-1.0	-1.0	-1.0	-1.0	1	1	1	1	0	ATGATGA	CTGA	ATGAAGG	CTGA	0.0	0	2.0	0
snoDB0993	70	C/D	-1.0	-1.0	-1.0	-1.0	1	1	1	1	0	ATGATGG	CTGA	ATGAAGA	CAGA	1.0	0	1.0	1
snoDB0994	81	C/D	-1.0	-1.0	-1.0	-1.0	1	1	1	1	0	ATGATGA	CTGA	ATGATGA	TTGA	0.0	0	0.0	1
snoDB0995	60	C/D	11.0	4.0	0.0	0.0	1	1	1	1	1	GTGATGC	CTGA	TTTCTGA	CAGA	1.0	0	3.0	1
snoDB0996	72	C/D	-1.0	-1.0	-1.0	-1.0	1	1	1	1	0	CTGATGA	CTGA	ATGATGA	CTGA	1.0	0	0.0	0
snoDB0999	100	C/D	-1.0	-1.0	-1.0	-1.0	1	1	1	1	0	GTGATAG	CTGA	GTGCTAA	ATTA	2.0	0	2.0	2
snoDB1000	100	C/D	-1.0	-1.0	-1.0	-1.0	0	0	0	0	0	GGGATCA	CCAA	ATCATGA	CCGA	2.0	2	1.0	1
snoDB1004	130	C/D	16.0	6.0	10.0	9.0	1	1	0	1	1	GTGATGT	CTGA	GTATAGA	CTCA	1.0	0	3.0	1
snoDB1007	61	C/D	-1.0	-1.0	-1.0	-1.0	0	0	0	0	0	ATGATGA	CTGA	AAGAGCA	GTGC	0.0	0	3.0	2
snoDB1008	71	C/D	-1.0	-1.0	-1.0	-1.0	0	0	0	0	0	GGGATCA	CTGA	GAGAAGT	GTCA	2.0	0	3.0	2
snoDB1009	98	C/D	14.0	5.0	0.0	0.0	0	0	0	0	1	GTGATGA	CTGA	GTGAGCA	CGGA	0.0	0	2.0	1
snoDB1010	66	C/D	-1.0	-1.0	-1.0	-1.0	0	0	0	0	0	GTGATGA	CTGA	ATTAAAA	TTGC	0.0	0	3.0	2
snoDB1011	76	C/D	-1.0	-1.0	-1.0	-1.0	1	1	1	1	0	ATGATTA	ATGA	GTGATTA	ATGA	1.0	1	1.0	1
snoDB1012	86	C/D	-1.0	-1.0	-1.0	-1.0	1	1	1	1	0	GTGATTA	ATGA	GTGATTA	ATGA	1.0	1	1.0	1
snoDB1014	85	C/D	8.0	3.0	6.0	46.0	0	0	0	0	1	ATGATGG	CTGA	GTTTTGT	CTGA	1.0	0	3.0	0
snoDB1020	74	C/D	-1.0	-1.0	-1.0	-1.0	0	0	0	0	0	GTGATGA	CTGA	GTGCTGG	CTGA	0.0	0	2.0	0
snoDB1021	75	C/D	7.0	3.0	1.0	0.0	1	1	1	1	1	GTGATGA	CTGA	CTGTTGA	CTGA	0.0	0	2.0	0
snoDB1022	106	C/D	-1.0	-1.0	-1.0	-1.0	1	0	0	0	0	ATGATGA	CTGA	CTGATAT	CTGA	0.0	0	3.0	0
snoDB1028	84	C/D	10.0	4.0	0.0	2.0	0	0	0	0	1	ATGATGG	CTGA	GTGGTGA	ATGA	1.0	0	1.0	1
snoDB1032	98	C/D	-1.0	-1.0	-1.0	-1.0	1	0	0	0	0	GGGATCA	CAGA	ATGTAGA	CTGA	2.0	1	2.0	0
snoDB1033	104	C/D	22.0	12.0	58.0	0.0	1	0	0	0	1	GTGATGT	CTGA	ATGATGT	CTGA	1.0	0	1.0	0
snoDB1034	58	C/D	-1.0	-1.0	-1.0	-1.0	1	0	0	0	0	TTGATGA	CTGA	CTGGTGG	CAAA	1.0	0	3.0	2
snoDB1035	64	C/D	-1.0	-1.0	-1.0	-1.0	1	1	0	1	0	GTGATGA	CTGA		CGGA	0.0	0		1
snoDB1036	79	C/D	-1.0	-1.0	-1.0	-1.0	0	0	0	0	0	ATGATGT	CTGA	TTGATCT	ATCA	1.0	0	3.0	2
snoDB1038	195	C/D	18.0	8.0	0.0	0.0	1	1	1	1	1	ATGATGA	CTGA	ATGAAGA	CTGA	0.0	0	1.0	0
snoDB1039	105	C/D	-1.0	-1.0	-1.0	-1.0	1	1	0	1	0	CTGATGT	CTGA	GGGAGGA	TTGA	2.0	0	2.0	1
snoDB1042	59	C/D	10.0	4.0	5.0	4.0	1	0	0	0	1	GAGATGA	CTGA		CTGG	1.0	0		1
snoDB1044	58	C/D	-1.0	-1.0	-1.0	-1.0	0	0	0	0	0	ATGATGA	CTGA	AAGATGC	CCAA	0.0	0	2.0	2
snoDB1045	146	C/D	-1.0	-1.0	-1.0	-1.0	1	1	0	1	0	GTGAAGA	CTGA	TTAGTGA	CTGC	1.0	0	3.0	1
snoDB1048	61	C/D	-1.0	-1.0	-1.0	-1.0	0	0	0	0	0	ATGAGGA	CTGA	AACATGT	TTGA	1.0	0	3.0	1
snoDB1049	68	C/D	8.0	3.0	26.0	20.0	1	1	1	1	1	GTGATGA	CTGA	CTGAAAG	CTGA	0.0	0	4.0	0
snoDB1050	65	C/D	9.0	4.0	0.0	1.0	1	1	1	1	1	ATGATGA	CTGA	GTGAAAA	ATGA	0.0	0	2.0	1
snoDB1051	85	C/D	-1.0	-1.0	-1.0	-1.0	1	0	0	0	0	ATGATGA	CTGA	GAGATGT	GTGC	0.0	0	2.0	2
snoDB1053	75	C/D	-1.0	-1.0	-1.0	-1.0	0	0	0	0	0	ATGATGA	CTGA	AGAAGGA	CAGG	0.0	0	3.0	2
snoDB1054	76	C/D	11.0	4.0	0.0	2.0	1	1	0	1	1	ATGATGG	CTGA	AGGATGC	CTAA	1.0	0	2.0	1
snoDB1056	216	C/D	17.0	6.0	0.0	0.0	1	1	1	1	1	GTGATGA	CTGA	GTGAAGG	CTTA	0.0	0	2.0	1
snoDB1058	75	C/D	7.0	4.0	23.0	15.0	1	1	1	1	1	CTGATGA	CTGA	CTGAAGC	CTGA	1.0	0	3.0	0
snoDB1061	105	C/D	-1.0	-1.0	-1.0	-1.0	0	0	0	0	0	ATGATAA	CTGA	ATGATGT	GTGA	1.0	0	1.0	1
snoDB1064	64	C/D	9.0	4.0	5.0	6.0	1	0	0	0	1	GTGATGG	CTGA		CAGA	1.0	0		1
snoDB1065	130	C/D	-1.0	-1.0	-1.0	-1.0	1	0	1	0	0	GGGATCA	CAGC	GAGATGC	CTGA	2.0	2	2.0	0
snoDB1066	71	C/D	-1.0	-1.0	-1.0	-1.0	0	0	0	0	0	ATGATGG	CTGA	ACAGTGA	ATGA	1.0	0	3.0	1
snoDB1072	181	C/D	5.0	4.0	46.0	65.0	1	1	0	0	1	GTGATGA	CTGA	GGAAAGA	CTGA	0.0	0	3.0	0
snoDB1074	75	C/D	14.0	6.0	0.0	0.0	1	1	1	1	1	GTGATGG	CTGA	GGGATGT	ATGA	1.0	0	2.0	1
snoDB1078	72	C/D	11.0	4.0	2.0	3.0	1	1	0	1	1	GTGATGT	CTGA	ATGATGA	CTCA	1.0	0	0.0	1
snoDB1079	68	C/D	8.0	4.0	0.0	2.0	1	0	0	1	1	GTGATGA	CTGA	ACCATCA	CTGT	0.0	0	3.0	1
snoDB1080	96	C/D	-1.0	-1.0	-1.0	-1.0	1	1	1	1	0	ATGATGA	CTGA	ATGATGA	CTGA	0.0	0	0.0	0
snoDB1084	70	C/D	-1.0	-1.0	-1.0	-1.0	1	0	0	1	0	GTGATGA	CTGA	GTGTTCA	CTGC	0.0	0	2.0	1
snoDB1086	55	C/D	-1.0	-1.0	-1.0	-1.0	0	0	0	0	0	GTGATGA	CTGA		CTGG	0.0	0		1
snoDB1087	120	C/D	-1.0	-1.0	-1.0	-1.0	0	0	0	0	0	ATGATCA	CTGA	ATGAAGG	CTAA	1.0	0	2.0	1
snoDB1091	57	C/D	8.0	3.0	11.0	0.0	1	0	0	0	1	TTGATGA	CTGA	ATGAGGA	CTCT	1.0	0	1.0	2
snoDB1092	87	C/D	-1.0	-1.0	-1.0	-1.0	0	0	0	0	0	TTGAGGA	CTGA	ATGATGA	GTGA	2.0	0	0.0	1
snoDB1093	96	C/D	8.0	4.0	0.0	46.0	0	0	0	0	1	ATGATGA	CTGA	GTAATCC	CTGA	0.0	0	3.0	0
snoDB1098	64	C/D	-1.0	-1.0	-1.0	-1.0	0	0	0	0	0	GTGATGA	CTGA	GACAGGA	TTGA	0.0	0	3.0	1
snoDB1104	74	C/D	10.0	5.0	24.0	0.0	0	0	0	0	1	ATGATGA	CTGA	GTGATGA	CTGA	0.0	0	0.0	0
snoDB1107	58	C/D	-1.0	-1.0	-1.0	-1.0	0	0	0	0	0	GTGATGA	CTGA	GTTCTCA	AAGA	0.0	0	3.0	2
snoDB1110	57	C/D	-1.0	-1.0	-1.0	-1.0	0	0	0	0	0	ATGATGT	CTGA	ATGACCA	TTGG	1.0	0	2.0	2
snoDB1114	75	C/D	-1.0	-1.0	-1.0	-1.0	0	0	0	0	0	ATGATGA	CTGA	TTGATTA	CTGA	0.0	0	2.0	0
snoDB1118	56	C/D	10.0	4.0	2.0	13.0	0	0	0	0	1	CTGATGA	CTGA		GGGA	1.0	0		2
snoDB1119	60	C/D	-1.0	-1.0	-1.0	-1.0	0	0	0	0	0	ATGATGT	CTGA		CTCA	1.0	0		1
snoDB1120	91	C/D	-1.0	-1.0	-1.0	-1.0	0	0	0	0	0	TTGAGGA	CTGA	ATGATGA	GTGA	2.0	0	0.0	1
snoDB1122	82	C/D	-1.0	-1.0	-1.0	-1.0	0	0	0	0	0	ATGATGA	CTGA	TTTATAA	CTGA	0.0	0	3.0	0
snoDB1130	76	C/D	12.0	5.0	0.0	0.0	0	0	0	0	1	GTGATGA	CTGA	GTGGAAA	CTTA	0.0	0	3.0	1
snoDB1135	85	C/D	-1.0	-1.0	-1.0	-1.0	0	0	0	0	0	ATGATGA	CTGA	GTCATAA	CTGA	0.0	0	2.0	0
snoDB1224	63	C/D	-1.0	-1.0	-1.0	-1.0	1	1	0	0	0	GTGATGT	CTGA		CTGG	1.0	0		1
snoDB1226	74	C/D	8.0	3.0	40.0	2.0	0	0	0	0	1	CTGAGGA	CTGA	ATGATGT	CTGT	2.0	0	1.0	1
snoDB1227	80	C/D	-1.0	-1.0	-1.0	-1.0	1	1	0	1	0	ATGATGA	CTGA	ATGAGGA	GTCA	0.0	0	1.0	2
snoDB1228	83	C/D	-1.0	-1.0	-1.0	-1.0	0	0	0	0	0	ATGATGA	CTGA	CTGAGGA	CTGA	0.0	0	2.0	0
snoDB1229	158	C/D	-1.0	-1.0	-1.0	-1.0	1	1	1	1	0	ATGATGA	CTGA	ATGTGGA	CTGA	0.0	0	2.0	0
snoDB1233	69	C/D	12.0	5.0	37.0	0.0	1	0	0	0	1	GTGTTGA	CTGA	GTGATGT	CTGG	1.0	0	1.0	1
snoDB1234	64	C/D	10.0	4.0	31.0	0.0	0	0	0	0	1	CTGCTGA	CTGA	GTGATGC	TTGA	2.0	0	1.0	1
snoDB1242	70	C/D	11.0	4.0	0.0	0.0	1	0	0	0	1	GTGATGT	CTGA	GTGAGTC	CTTA	1.0	0	3.0	1
snoDB1249	95	C/D	11.0	4.0	6.0	5.0	1	1	0	1	1	ATGATGT	CTGA	GTGATGC	ATCA	1.0	0	1.0	2
snoDB1250	103	C/D	9.0	3.0	62.0	0.0	1	0	0	0	1	ATGATGA	CTGA	GCCATGA	CTGA	0.0	0	2.0	0
snoDB1252	103	C/D	11.0	4.0	3.0	2.0	1	0	0	0	1	ATGATGA	CTGA	ATGTTAC	CTGA	0.0	0	3.0	0
snoDB1253	71	C/D	-1.0	-1.0	-1.0	-1.0	0	0	0	0	0	ATGATGC	CTGA	ATGACCT	ATGA	1.0	0	3.0	1
snoDB1255	63	C/D	15.0	7.0	0.0	0.0	0	0	0	0	1	TTGAGGA	CTGA		CTGC	2.0	0		1
snoDB1260	119	C/D	12.0	5.0	0.0	0.0	0	0	0	0	1	ATGACGA	CTGA	GTAATGG	CTGA	1.0	0	2.0	0
snoDB1261	80	C/D	9.0	4.0	39.0	4.0	0	0	0	0	1	ATGATGA	CTGA	ATGAATA	CTGA	0.0	0	2.0	0
snoDB1263	83	C/D	10.0	4.0	2.0	3.0	0	0	0	0	1	ATGATGA	CTGA	ATGAATA	ATGA	0.0	0	2.0	1
snoDB1264	54	C/D	13.0	5.0	0.0	0.0	1	0	0	0	1	GTGATGG	CTGA		CTGG	1.0	0		1
snoDB1629	105	C/D	-1.0	-1.0	-1.0	-1.0	0	0	0	0	0	GTGACGA	CTGA	ATCAGCA	CTGA	1.0	0	3.0	0
snoDB1633	110	C/D	-1.0	-1.0	-1.0	-1.0	0	0	0	0	0	GTGATGA	CTGA	GTTACGA	GTGA	0.0	0	2.0	1
snoDB1656	101	C/D	5.0	5.0	58.0	3.0	0	0	0	0	1	GTGATGG	CTGA	ATGTTGG	GTGA	1.0	0	2.0	1
snoDB1658	80	C/D	-1.0	-1.0	-1.0	-1.0	0	0	0	0	0	GGGATCA	CCGA	GAGAAGT	TTGT	2.0	1	3.0	2
snoDB1664	104	C/D	-1.0	-1.0	-1.0	-1.0	0	0	0	0	0	ATGACAA	CTGG	GTCAGCA	ATGA	2.0	1	3.0	1
snoDB1669	102	C/D	-1.0	-1.0	-1.0	-1.0	0	0	0	0	0	GTGATGA	CTGA	GTGATGA	GTGA	0.0	0	0.0	1
snoDB1673	81	C/D	-1.0	-1.0	-1.0	-1.0	0	0	0	0	0		CTGT	GTTACAA	GTGA		1	3.0	1
snoDB1674	103	C/D	7.0	4.0	34.0	41.0	0	0	0	0	1	ATGATGA	CTGA	TTTATGA	GTGA	0.0	0	2.0	1
snoDB1680	104	C/D	-1.0	-1.0	-1.0	-1.0	0	0	0	0	0	GTGATGA	CTGA	ATAACGT	ATGA	0.0	0	3.0	1
snoDB1681	82	C/D	-1.0	-1.0	-1.0	-1.0	1	0	0	0	0	GTGAAGC	CTGG	TTGATGA	CTGA	2.0	1	1.0	0
snoDB1687	104	C/D	-1.0	-1.0	-1.0	-1.0	1	0	0	0	0	AAGCTGG	TTGA	GTGGGCA	GTGA	3.0	1	3.0	1
snoDB1707	100	C/D	-1.0	-1.0	-1.0	-1.0	0	0	0	0	0	GTGATGA	CAGA	GAGATGT	CTCA	0.0	1	2.0	1
snoDB1710	86	C/D	-1.0	-1.0	-1.0	-1.0	0	0	0	0	0	GGGATCA	CCGA	GTGTAGA	CTGA	2.0	1	2.0	0
snoDB1718	104	C/D	-1.0	-1.0	-1.0	-1.0	1	1	1	1	0	GTGATGA	CTGA	ATGACAT	TTGA	0.0	0	3.0	1
snoDB1720	72	C/D	-1.0	-1.0	-1.0	-1.0	0	0	0	0	0	AAGATTA	GTGT	GTTACTA	CTAT	2.0	2	3.0	2
snoDB1722	98	C/D	-1.0	-1.0	-1.0	-1.0	0	0	0	0	0	GGGATCA	AAGA	ATGTAGA	CTGA	2.0	2	2.0	0
snoDB1732	104	C/D	-1.0	-1.0	-1.0	-1.0	0	0	0	0	0	TTCATGA	TTGA	ACGTTGG	GTGA	2.0	1	3.0	1
snoDB1740	89	C/D	-1.0	-1.0	-1.0	-1.0	0	0	0	0	0	GTGCTTC	TTGA	ACGATGC	ATGA	3.0	1	2.0	1
snoDB1741	111	C/D	-1.0	-1.0	-1.0	-1.0	0	0	0	0	0	CTAAGGA	CTGA	ATGATGA	CTGA	3.0	0	0.0	0
snoDB1742	107	C/D	-1.0	-1.0	-1.0	-1.0	0	0	0	0	0	GTGATGA	TTGA	GTTATGA	GTGA	0.0	1	1.0	1
snoDB1745	104	C/D	-1.0	-1.0	-1.0	-1.0	0	0	0	0	0	GTGATGA	TTGA	GAGATGT	CTCA	0.0	1	2.0	1
snoDB1746	103	C/D	7.0	3.0	50.0	8.0	0	0	0	0	1	GTGATGA	CTGA	GTTACAA	GTGA	0.0	0	3.0	1
snoDB1749	106	C/D	-1.0	-1.0	-1.0	-1.0	0	0	0	0	0	GTGATGC	CCAA	GTGGGCA	GTGA	1.0	2	3.0	1
snoDB1752	77	C/D	-1.0	-1.0	-1.0	-1.0	0	0	0	0	0	GGGATCA	CCGA	GGGAAGT	GTTA	2.0	1	3.0	2
snoDB1756	97	C/D	-1.0	-1.0	-1.0	-1.0	0	0	0	0	0	GGGATCA	ATGT	GTGTAGA	CTGA	2.0	2	2.0	0
snoDB1761	104	C/D	-1.0	-1.0	-1.0	-1.0	0	0	0	0	0	GTGTTAA	CAGA	ATGATGT	GTGA	2.0	1	1.0	1
snoDB1770	104	C/D	-1.0	-1.0	-1.0	-1.0	0	0	0	0	0	GTGATAA	CTGA	ATTACAA	GTGA	1.0	0	3.0	1
snoDB1771	104	C/D	-1.0	-1.0	-1.0	-1.0	0	0	0	0	0	ATGATGA	CTAA	GCAATGT	GTGA	0.0	1	3.0	1
snoDB1773	104	C/D	5.0	3.0	70.0	3.0	0	0	0	0	1	ATAATGA	CTGA	ATGATGT	TTGA	1.0	0	1.0	1
snoDB1774	104	C/D	-1.0	-1.0	-1.0	-1.0	0	0	0	0	0	GTGATGA	CTGA	ATGTTGG	GTGA	0.0	0	2.0	1
snoDB1782	83	C/D	-1.0	-1.0	-1.0	-1.0	0	0	0	0	0	GGGATCA	CTGA	AGCATGT	TTGT	2.0	0	3.0	2
snoDB1784	103	C/D	-1.0	-1.0	-1.0	-1.0	0	0	0	0	0	ATGGTGA	TTGA	ATCATCA	CTCA	1.0	1	2.0	1
snoDB1791	102	C/D	-1.0	-1.0	-1.0	-1.0	0	0	0	0	0	TTCATGG	CTGA	GTTATGA	GTGA	3.0	0	1.0	1
snoDB1793	107	C/D	7.0	5.0	51.0	3.0	0	0	0	0	1	TTGAAGA	CTGA	ATGAAGT	CTCA	2.0	0	2.0	1
snoDB1795	78	C/D	-1.0	-1.0	-1.0	-1.0	0	0	0	0	0	GGGATCA	CTGG	CTGAATA	TTGT	2.0	1	3.0	2
snoDB1797	105	C/D	-1.0	-1.0	-1.0	-1.0	0	0	0	0	0	ATAATGA	CTGA	GTGGGGA	CTGA	1.0	0	2.0	0
snoDB1800	103	C/D	-1.0	-1.0	-1.0	-1.0	0	0	0	0	0	ATAATGG	CTGA	ATGTTGA	GTGA	2.0	0	1.0	1
snoDB1805	102	C/D	-1.0	-1.0	-1.0	-1.0	0	0	0	0	0	GTGATGG	CTGA	GTTATGA	CGGA	1.0	0	1.0	1
snoDB1808	105	C/D	-1.0	-1.0	-1.0	-1.0	0	0	0	0	0	ATGGTGA	CTGA	GTTACAA	GTGA	1.0	0	3.0	1
snoDB1816	101	C/D	-1.0	-1.0	-1.0	-1.0	0	0	0	0	0	AACATGA	CTGA	ACCATGT	GTGA	2.0	0	3.0	1
snoDB1827	101	C/D	-1.0	-1.0	-1.0	-1.0	0	0	0	0	0	GTCATAA	CTGA	GTTACGA	CTCA	2.0	0	2.0	1
snoDB1830	98	C/D	-1.0	-1.0	-1.0	-1.0	0	0	0	0	0	GAGATCA	GTGA	ATGATCT	CTGA	2.0	1	2.0	0
snoDB1832	103	C/D	-1.0	-1.0	-1.0	-1.0	0	0	0	0	0	CTGATGA	CTGA	GTGTTGG	CTCA	1.0	0	2.0	1
snoDB1845	100	C/D	8.0	3.0	11.0	37.0	0	0	0	0	1	GTCATAA	CTAA	CTTCTGA	GTGA	2.0	1	3.0	1
snoDB1853	96	C/D	-1.0	-1.0	-1.0	-1.0	0	0	0	0	0	ATGATGA	GTGA	GTTACGA	CTAA	0.0	1	2.0	1
snoDB1860	103	C/D	-1.0	-1.0	-1.0	-1.0	1	0	0	0	0	ATGACGA	CTGA	ACGTTGG	GTGA	1.0	0	3.0	1
snoDB1861	101	C/D	-1.0	-1.0	-1.0	-1.0	0	0	0	0	0	GTGACGA	CTGA	ATCAGGA	CTGT	1.0	0	2.0	1
snoDB1863	99	C/D	9.0	3.0	33.0	37.0	0	0	0	0	1	GTGATGA	CAAA	GTTATGA	GTGA	0.0	2	1.0	1
snoDB1868	101	C/D	-1.0	-1.0	-1.0	-1.0	0	0	0	0	0	GGGATCA	CTTA	AAGAAAA	CTGG	2.0	1	3.0	1
snoDB1875	76	C/D	-1.0	-1.0	-1.0	-1.0	0	0	0	0	0	GGGATCA	AGGA	AAGGTGT	TTGT	2.0	2	3.0	2
snoDB1881	101	C/D	-1.0	-1.0	-1.0	-1.0	0	0	0	0	0	ATGATAA	CTGA	GTTATGT	CTCA	1.0	0	2.0	1
snoDB1891	91	C/D	-1.0	-1.0	-1.0	-1.0	0	0	0	0	0	GTGATGA	CTGA	GAGATGT	ATGT	0.0	0	2.0	2
snoDB1894	110	C/D	-1.0	-1.0	-1.0	-1.0	0	0	0	0	0	ATTATAA	CTGA	GTTATGA	GTGA	2.0	0	1.0	1
snoDB1896	74	C/D	-1.0	-1.0	-1.0	-1.0	1	0	0	0	0	GGGATCA	TAGA	GAGAAGT	TTCA	2.0	2	3.0	2
snoDB1900	104	C/D	-1.0	-1.0	-1.0	-1.0	0	0	0	0	0	CTGATGA	CTGA	GTTACAA	GTGA	1.0	0	3.0	1
snoDB1909	103	C/D	-1.0	-1.0	-1.0	-1.0	0	0	0	0	0	GTGATGA	CTGA	AAGATGT	GTGA	0.0	0	2.0	1
snoDB1917	104	C/D	-1.0	-1.0	-1.0	-1.0	0	0	0	0	0	GTGGTGA	CTGA	GTTAGCA	ATGA	1.0	0	3.0	1
snoDB1928	103	C/D	-1.0	-1.0	-1.0	-1.0	0	0	0	0	0	TTGATGA	CTGA	GTTAGGA	GTGA	1.0	0	2.0	1
snoDB1933	104	C/D	-1.0	-1.0	-1.0	-1.0	0	0	0	0	0	GTGATGA	CTGT	GTGATGT	CTGT	0.0	1	1.0	1
snoDB1935	140	C/D	5.0	3.0	11.0	70.0	0	0	0	0	1	CTCATAA	CTCA	ATGAGGT	CTAA	3.0	1	2.0	1
snoDB1942	107	C/D	-1.0	-1.0	-1.0	-1.0	0	0	0	0	0	ATGATGA	CTGA	GTTATCA	GTGA	0.0	0	2.0	1
snoDB1953	103	C/D	-1.0	-1.0	-1.0	-1.0	0	0	0	0	0	ATGATGA	GTGA	GTCATGT	CTGT	0.0	1	2.0	1
snoDB1960	90	C/D	7.0	4.0	16.0	3.0	0	0	0	0	1	ATGATGA	CTGA	GTCATAC	ATGA	0.0	0	3.0	1
snoDB1964	104	C/D	-1.0	-1.0	-1.0	-1.0	0	0	0	0	0	GTGACGA	CCGA	AAGATGT	CACA	1.0	1	2.0	2
snoDB1971	100	C/D	-1.0	-1.0	-1.0	-1.0	0	0	0	0	0	TTGATGA	CTGA	ATGATGT	GTGA	1.0	0	1.0	1
snoDB1972	105	C/D	-1.0	-1.0	-1.0	-1.0	0	0	0	0	0	TTCATAA	CTGA	GTTAGTA	ATGA	3.0	0	3.0	1
snoDB1974	112	C/D	-1.0	-1.0	-1.0	-1.0	0	0	0	0	0	GTAATTC	TTGA	AAGATGT	ATGA	3.0	1	2.0	1
snoDB1979	102	C/D	-1.0	-1.0	-1.0	-1.0	0	0	0	0	0	ACGATGA	GTGA	GTTAGGA	GTGA	1.0	1	2.0	1
snoDB1989	104	C/D	-1.0	-1.0	-1.0	-1.0	0	0	0	0	0	CTGATGC	CTGT	GTTATGG	GTGA	2.0	1	2.0	1
snoDB1995	85	C/D	-1.0	-1.0	-1.0	-1.0	1	1	0	0	0	GGGATCA	CAGA	GAGAAAA	CTCA	2.0	1	3.0	1
snoDB1998	104	C/D	-1.0	-1.0	-1.0	-1.0	0	0	0	0	0	ACGATGG	CTGA	AGGTTGG	CTCA	2.0	0	3.0	1
snoDB2002	118	C/D	-1.0	-1.0	-1.0	-1.0	0	0	0	0	0	ATCTTGG	CTGA	GTGTTCA	TTGA	3.0	0	2.0	1
snoDB2003	76	C/D	-1.0	-1.0	-1.0	-1.0	0	0	0	0	0		CTGA	TTGATGA	CTGA		0	1.0	0
snoDB2009	81	C/D	-1.0	-1.0	-1.0	-1.0	0	0	0	0	0	ATACTGC	CTGA	ATGATGG	CTCA	3.0	0	1.0	1
snoDB2012	104	C/D	-1.0	-1.0	-1.0	-1.0	0	0	0	0	0	ACGATGA	CTGA	GAGATGT	CTCA	1.0	0	2.0	1
snoDB2022	94	C/D	-1.0	-1.0	-1.0	-1.0	0	0	0	0	0	ATTTTCA	ATGA	GTTAAGA	CTGA	3.0	1	2.0	0
snoDB2039	84	C/D	-1.0	-1.0	-1.0	-1.0	0	0	0	0	0	GGGATCA	CAAA	GTGTAGA	CTGA	2.0	2	2.0	0
snoDB2041	113	C/D	-1.0	-1.0	-1.0	-1.0	0	0	0	0	0	AGGAGGA	CCTA	GTGATCG	CTCA	2.0	2	2.0	1
snoDB2057	102	C/D	-1.0	-1.0	-1.0	-1.0	0	0	0	0	0	GGGATCA	CTAG	GGGATCA	ATGA	2.0	2	2.0	1
snoDB2060	90	C/D	-1.0	-1.0	-1.0	-1.0	0	0	0	0	0	AAGACTA	CTGT	AAGATAA	CTGA	3.0	1	2.0	0
snoDB2061	104	C/D	15.0	6.0	11.0	40.0	0	0	0	0	1	ATGATAA	CTGA	GTTACGA	GTGA	1.0	0	2.0	1
snoDB2065	107	C/D	-1.0	-1.0	-1.0	-1.0	0	0	0	0	0	ATGATGA	CTGA	GATATGC	GTGA	0.0	0	3.0	1
snoDB2067	105	C/D	-1.0	-1.0	-1.0	-1.0	0	0	0	0	0	GGGATCA	AAGA	GTGTAGA	CTGA	2.0	2	2.0	0
snoDB2069	112	C/D	-1.0	-1.0	-1.0	-1.0	0	0	0	0	0	GGGATCA	TTGA	ATGTAGA	CTGA	2.0	1	2.0	0
snoDB2074	82	C/D	-1.0	-1.0	-1.0	-1.0	0	0	0	0	0	GGGATCA	AAGA	GAGAAGT	TTCA	2.0	2	3.0	2
snoDB2075	79	C/D	-1.0	-1.0	-1.0	-1.0	1	1	1	1	0	GGGATCA	TTAA	GAGAAGT	TTGT	2.0	2	3.0	2
snoDB2080	92	C/D	-1.0	-1.0	-1.0	-1.0	0	0	0	0	0	AAGACTA	CTGA	AAGATGT	CTGA	3.0	0	2.0	0
snoDB2083	81	C/D	-1.0	-1.0	-1.0	-1.0	0	0	0	0	0	GGGATCA	GTAA	GTGTAGA	CTCA	2.0	2	2.0	1
snoDB2084	122	C/D	-1.0	-1.0	-1.0	-1.0	0	0	0	0	0	GGGATCA	CTGA	GAGTTGA	TTGT	2.0	0	2.0	2
snoDB2085	77	C/D	-1.0	-1.0	-1.0	-1.0	0	0	0	0	0	GGGATCA	CAAA	GAGAAGT	TTGT	2.0	2	3.0	2
snoDB2098	139	C/D	12.0	5.0	0.0	0.0	0	0	0	0	1	GTGATGA	CTGA	ATGATAA	CTTA	0.0	0	1.0	1
snoDB2103	144	C/D	8.0	5.0	0.0	1.0	1	1	1	1	1	GTGATGA	CTGA	AGGCTGA	CGGA	0.0	0	2.0	1
snoDB2104	139	C/D	17.0	7.0	45.0	23.0	1	1	1	1	1	GTGATGA	CTGA	GTGAAGG	GTGA	0.0	0	2.0	1
snoDB2109	181	C/D	-1.0	-1.0	-1.0	-1.0	0	0	0	0	0	GGGATCA	AGGA	ATCAGGA	CTGA	2.0	2	2.0	0
snoDB2111	197	C/D	9.0	7.0	41.0	15.0	0	0	0	0	1	TTCAGGA	CTGA	GTGGTGG	CTGA	3.0	0	2.0	0
snoDB2113	129	C/D	-1.0	-1.0	-1.0	-1.0	0	0	0	0	0		CTGA	ATGTCTA	CTGA		0	3.0	0
snoDB2114	71	C/D	7.0	7.0	6.0	3.0	0	0	0	0	1	TTGATGA	CTGA	ACAAAGA	CCAA	1.0	0	3.0	2
snoDB2116	136	C/D	-1.0	-1.0	-1.0	-1.0	1	0	0	0	0	CTAATTA	CAGA	GTTTTGA	ATGA	3.0	1	2.0	1
snoDB2123	69	C/D	-1.0	-1.0	-1.0	-1.0	0	0	0	0	0	CTGATGA	CTGA	GTGCGGA	CTGC	1.0	0	2.0	1
